Time Stamp,GAL-001 E1,GAL-002 E1,GAL-003 E1,GAL-004 E1,GAL-005 E1,GAL-006 E1
  1429365601.000,          27.115,          27.116,          27.116,          27.115,          27.115,          27.115
  1429365602.000,          27.115,          27.116,          27.116,          27.115,          27.115,          27.115
  1429365603.000,          27.115,          27.116,          27.116,          27.115,          27.115,          27.115
  1429365604.000,          27.115,          27.116,          27.116,          27.115,          27.115,          27.115
  1429365605.000,          27.115,          27.116,          27.116,          27.115,          27.115,          27.115
  1429365606.000,          27.115,          27.116,          27.116,          27.115,          27.115,          27.115
  1429365607.000,          27.115,          27.116,          27.116,          27.115,          27.115,          27.115
  1429365608.000,          27.115,          27.116,          27.116,          27.115,          27.115,          27.115
  1429365609.000,          27.115,          27.116,          27.116,          27.115,          27.115,          27.115
  1429365610.000,          27.115,          27.116,          27.116,          27.115,          27.115,          27.115
  1429365611.000,          27.115,          27.116,          27.116,          27.115,          27.115,          27.115
  1429365612.000,          27.115,          27.116,          27.116,          27.115,          27.115,          27.115
  1429365613.000,          27.115,          27.116,          27.116,          27.115,          27.115,          27.115
  1429365614.000,          27.115,          27.116,          27.116,          27.115,          27.115,          27.115
  1429365615.000,          27.115,          27.116,          27.116,          27.115,          27.115,          27.115
  1429365616.000,          27.115,          27.116,          27.116,          27.115,          27.115,          27.115
  1429365617.000,          27.115,          27.116,          27.116,          27.115,          27.115,          27.115
  1429365618.000,          27.115,          27.116,          27.116,          27.115,          27.115,          27.115
  1429365619.000,          27.115,          27.116,          27.116,          27.115,          27.115,          27.115
  1429365620.000,          27.115,          27.116,          27.116,          27.115,          27.115,          27.115
  1429365621.000,          27.115,          27.116,          27.116,          27.115,          27.115,          27.115
  1429365622.000,          27.115,          27.116,          27.116,          27.115,          27.115,          27.115
  1429365623.000,          27.115,          27.116,          27.116,          27.115,          27.115,          27.115
  1429365624.000,          27.115,          27.116,          27.116,          27.115,          27.115,          27.115
  1429365625.000,          27.115,          27.116,          27.116,          27.115,          27.115,          27.115
  1429365626.000,          27.115,          27.116,          27.116,          27.115,          27.115,          27.115
  1429365627.000,          27.115,          27.116,          27.116,          27.115,          27.115,          27.115
  1429365628.000,          27.115,          27.116,          27.116,          27.115,          27.115,          27.115
  1429365629.000,          27.115,          27.116,          27.116,          27.115,          27.115,          27.115
  1429365630.000,          27.115,          27.116,          27.116,          27.115,          27.115,          27.115
  1429365631.000,          27.115,          27.116,          27.116,          27.115,          27.115,          27.115
  1429365632.000,          27.115,          27.116,          27.116,          27.115,          27.115,          27.115
  1429365633.000,          27.115,          27.116,          27.116,          27.115,          27.115,          27.115
  1429365634.000,          27.115,          27.116,          27.116,          27.115,          27.115,          27.115
  1429365635.000,          27.115,          27.116,          27.116,          27.115,          27.115,          27.115
  1429365636.000,          27.115,          27.116,          27.116,          27.115,          27.115,          27.115
  1429365637.000,          27.115,          27.116,          27.116,          27.115,          27.115,          27.115
  1429365638.000,          27.115,          27.116,          27.116,          27.115,          27.115,          27.115
  1429365639.000,          27.115,          27.116,          27.116,          27.115,          27.115,          27.115
  1429365640.000,          27.115,          27.116,          27.116,          27.115,          27.115,          27.115
  1429365641.000,          27.115,          27.116,          27.116,          27.115,          27.115,          27.115
  1429365642.000,          27.115,          27.116,          27.116,          27.115,          27.115,          27.115
  1429365643.000,          27.115,          27.116,          27.116,          27.115,          27.115,          27.115
  1429365644.000,          27.115,          27.116,          27.116,          27.115,          27.115,          27.115
  1429365645.000,          27.115,          27.116,          27.116,          27.115,          27.115,          27.115
  1429365646.000,          27.115,          27.116,          27.116,          27.115,          27.115,          27.115
  1429365647.000,          27.115,          27.116,          27.116,          27.115,          27.115,          27.115
  1429365648.000,          27.115,          27.116,          27.116,          27.115,          27.115,          27.115
  1429365649.000,          27.115,          27.116,          27.116,          27.115,          27.115,          27.115
  1429365650.000,          27.115,          27.116,          27.116,          27.115,          27.115,          27.115
  1429365651.000,          27.115,          27.116,          27.116,          27.115,          27.115,          27.115
  1429365652.000,          27.115,          27.116,          27.116,          27.115,          27.115,          27.115
  1429365653.000,          27.115,          27.116,          27.116,          27.115,          27.115,          27.115
  1429365654.000,          27.115,          27.116,          27.116,          27.115,          27.115,          27.115
  1429365655.000,          27.115,          27.116,          27.116,          27.115,          27.115,          27.115
  1429365656.000,          27.115,          27.116,          27.116,          27.115,          27.115,          27.115
  1429365657.000,          27.115,          27.116,          27.116,          27.115,          27.115,          27.115
  1429365658.000,          27.115,          27.116,          27.116,          27.115,          27.115,          27.115
  1429365659.000,          27.115,          27.116,          27.116,          27.115,          27.115,          27.115
  1429365660.000,          27.115,          27.116,          27.116,          27.115,          27.115,          27.115
  1429365661.000,          27.115,          27.116,          27.116,          27.115,          27.115,          27.115
  1429365662.000,          27.115,          27.116,          27.116,          27.115,          27.115,          27.115
  1429365663.000,          27.115,          27.116,          27.116,          27.115,          27.115,          27.115
  1429365664.000,          27.115,          27.116,          27.116,          27.115,          27.115,          27.115
  1429365665.000,          27.115,          27.116,          27.116,          27.115,          27.115,          27.115
  1429365666.000,          27.115,          27.116,          27.116,          27.115,          27.115,          27.115
  1429365667.000,          27.115,          27.116,          27.116,          27.115,          27.115,          27.115
  1429365668.000,          27.115,          27.116,          27.116,          27.115,          27.115,          27.115
  1429365669.000,          27.115,          27.116,          27.116,          27.115,          27.115,          27.115
  1429365670.000,          27.115,          27.116,          27.116,          27.115,          27.115,          27.115
  1429365671.000,          27.115,          27.116,          27.116,          27.115,          27.115,          27.115
  1429365672.000,          27.115,          27.116,          27.116,          27.115,          27.115,          27.115
  1429365673.000,          27.115,          27.116,          27.116,          27.115,          27.115,          27.115
  1429365674.000,          27.115,          27.116,          27.116,          27.115,          27.115,          27.115
  1429365675.000,          27.115,          27.116,          27.116,          27.115,          27.115,          27.115
  1429365676.000,          27.115,          27.116,          27.116,          27.115,          27.115,          27.115
  1429365677.000,          27.115,          27.116,          27.116,          27.115,          27.115,          27.115
  1429365678.000,          27.115,          27.116,          27.116,          27.115,          27.115,          27.115
  1429365679.000,          27.115,          27.116,          27.116,          27.115,          27.115,          27.115
  1429365680.000,          27.115,          27.116,          27.116,          27.115,          27.115,          27.115
  1429365681.000,          27.115,          27.116,          27.116,          27.115,          27.115,          27.115
  1429365682.000,          27.115,          27.116,          27.116,          27.115,          27.115,          27.115
  1429365683.000,          27.115,          27.116,          27.116,          27.115,          27.115,          27.115
  1429365684.000,          27.115,          27.116,          27.116,          27.115,          27.115,          27.115
  1429365685.000,          27.115,          27.116,          27.116,          27.115,          27.115,          27.115
  1429365686.000,          27.115,          27.116,          27.116,          27.115,          27.115,          27.115
  1429365687.000,          27.115,          27.116,          27.116,          27.115,          27.115,          27.115
  1429365688.000,          27.115,          27.116,          27.116,          27.115,          27.115,          27.115
  1429365689.000,          27.115,          27.116,          27.116,          27.115,          27.115,          27.115
  1429365690.000,          27.115,          27.116,          27.116,          27.115,          27.115,          27.115
  1429365691.000,          27.115,          27.116,          27.116,          27.115,          27.115,          27.115
  1429365692.000,          27.115,          27.116,          27.116,          27.115,          27.115,          27.115
  1429365693.000,          27.115,          27.116,          27.116,          27.115,          27.115,          27.115
  1429365694.000,          27.115,          27.116,          27.116,          27.115,          27.115,          27.115
  1429365695.000,          27.115,          27.116,          27.116,          27.115,          27.115,          27.115
  1429365696.000,          27.115,          27.116,          27.116,          27.115,          27.115,          27.115
  1429365697.000,          27.115,          27.116,          27.116,          27.115,          27.115,          27.115
  1429365698.000,          27.115,          27.116,          27.116,          27.115,          27.115,          27.115
  1429365699.000,          27.115,          27.116,          27.116,          27.115,          27.115,          27.115
  1429365700.000,          27.115,          27.116,          27.116,          27.115,          27.115,          27.115
  1429365701.000,          27.115,          27.116,          27.116,          27.115,          27.115,          27.115
  1429365702.000,          27.115,          27.116,          27.116,          27.115,          27.115,          27.115
  1429365703.000,          27.115,          27.116,          27.116,          27.115,          27.115,          27.115
  1429365704.000,          27.115,          27.116,          27.116,          27.115,          27.115,          27.115
  1429365705.000,          27.115,          27.116,          27.116,          27.115,          27.115,          27.115
  1429365706.000,          27.115,          27.116,          27.116,          27.115,          27.115,          27.115
  1429365707.000,          27.115,          27.116,          27.116,          27.115,          27.115,          27.115
  1429365708.000,          27.115,          27.116,          27.116,          27.115,          27.115,          27.115
  1429365709.000,          27.115,          27.116,          27.116,          27.115,          27.115,          27.115
  1429365710.000,          27.115,          27.116,          27.116,          27.115,          27.115,          27.115
  1429365711.000,          27.115,          27.116,          27.116,          27.115,          27.115,          27.115
  1429365712.000,          27.115,          27.116,          27.116,          27.115,          27.115,          27.115
  1429365713.000,          27.115,          27.116,          27.116,          27.115,          27.115,          27.115
  1429365714.000,          27.115,          27.116,          27.116,          27.115,          27.115,          27.115
  1429365715.000,          27.115,          27.116,          27.116,          27.115,          27.115,          27.115
  1429365716.000,          27.115,          27.116,          27.116,          27.115,          27.115,          27.115
  1429365717.000,          27.115,          27.116,          27.116,          27.115,          27.115,          27.115
  1429365718.000,          27.115,          27.116,          27.116,          27.115,          27.115,          27.115
  1429365719.000,          27.115,          27.116,          27.116,          27.115,          27.115,          27.115
  1429365720.000,          27.115,          27.116,          27.116,          27.115,          27.115,          27.115
  1429365721.000,          27.115,          27.116,          27.116,          27.115,          27.115,          27.115
  1429365722.000,          27.115,          27.116,          27.116,          27.115,          27.115,          27.115
  1429365723.000,          27.115,          27.116,          27.116,          27.115,          27.115,          27.115
  1429365724.000,          27.115,          27.116,          27.116,          27.115,          27.115,          27.115
  1429365725.000,          27.115,          27.116,          27.116,          27.115,          27.115,          27.115
  1429365726.000,          27.115,          27.116,          27.116,          27.115,          27.115,          27.115
  1429365727.000,          27.115,          27.116,          27.116,          27.115,          27.115,          27.115
  1429365728.000,          27.115,          27.116,          27.116,          27.115,          27.115,          27.115
  1429365729.000,          27.115,          27.116,          27.116,          27.115,          27.115,          27.115
  1429365730.000,          27.115,          27.116,          27.116,          27.115,          27.115,          27.115
  1429365731.000,          27.115,          27.116,          27.116,          27.115,          27.115,          27.115
  1429365732.000,          27.115,          27.116,          27.116,          27.115,          27.115,          27.115
  1429365733.000,          27.115,          27.116,          27.116,          27.115,          27.115,          27.115
  1429365734.000,          27.115,          27.116,          27.116,          27.115,          27.115,          27.115
  1429365735.000,          27.115,          27.116,          27.116,          27.115,          27.115,          27.115
  1429365736.000,          27.115,          27.116,          27.116,          27.115,          27.115,          27.115
  1429365737.000,          27.115,          27.116,          27.116,          27.115,          27.115,          27.115
  1429365738.000,          27.115,          27.116,          27.116,          27.115,          27.115,          27.115
  1429365739.000,          27.115,          27.116,          27.116,          27.115,          27.115,          27.115
  1429365740.000,          27.115,          27.116,          27.116,          27.115,          27.115,          27.115
  1429365741.000,          27.115,          27.116,          27.116,          27.115,          27.115,          27.115
  1429365742.000,          27.115,          27.116,          27.116,          27.115,          27.115,          27.115
  1429365743.000,          27.115,          27.116,          27.116,          27.115,          27.115,          27.115
  1429365744.000,          27.115,          27.116,          27.116,          27.115,          27.115,          27.115
  1429365745.000,          27.115,          27.116,          27.116,          27.115,          27.115,          27.115
  1429365746.000,          27.115,          27.116,          27.116,          27.115,          27.115,          27.115
  1429365747.000,          27.115,          27.116,          27.116,          27.115,          27.115,          27.115
  1429365748.000,          27.115,          27.116,          27.116,          27.115,          27.115,          27.115
  1429365749.000,          27.115,          27.116,          27.116,          27.115,          27.115,          27.115
  1429365750.000,          27.115,          27.116,          27.116,          27.115,          27.115,          27.115
  1429365751.000,          27.115,          27.116,          27.116,          27.115,          27.115,          27.115
  1429365752.000,          27.115,          27.116,          27.116,          27.115,          27.115,          27.115
  1429365753.000,          27.115,          27.116,          27.116,          27.115,          27.115,          27.115
  1429365754.000,          27.115,          27.116,          27.116,          27.115,          27.115,          27.115
  1429365755.000,          27.115,          27.116,          27.116,          27.115,          27.115,          27.115
  1429365756.000,          27.115,          27.116,          27.116,          27.115,          27.115,          27.115
  1429365757.000,          27.115,          27.116,          27.116,          27.115,          27.115,          27.115
  1429365758.000,          27.115,          27.116,          27.116,          27.115,          27.115,          27.115
  1429365759.000,          27.115,          27.116,          27.116,          27.115,          27.115,          27.115
  1429365760.000,          27.115,          27.116,          27.116,          27.115,          27.115,          27.115
  1429365761.000,          27.115,          27.116,          27.116,          27.115,          27.115,          27.115
  1429365762.000,          27.115,          27.116,          27.116,          27.115,          27.115,          27.115
  1429365763.000,          27.115,          27.116,          27.116,          27.115,          27.115,          27.115
  1429365764.000,          27.115,          27.116,          27.116,          27.115,          27.115,          27.115
  1429365765.000,          27.115,          27.116,          27.116,          27.115,          27.115,          27.115
  1429365766.000,          27.115,          27.116,          27.116,          27.115,          27.115,          27.115
  1429365767.000,          27.115,          27.116,          27.116,          27.115,          27.115,          27.115
  1429365768.000,          27.115,          27.116,          27.116,          27.115,          27.115,          27.115
  1429365769.000,          27.115,          27.116,          27.116,          27.115,          27.115,          27.115
  1429365770.000,          27.115,          27.116,          27.116,          27.115,          27.115,          27.115
  1429365771.000,          27.115,          27.116,          27.116,          27.115,          27.115,          27.115
  1429365772.000,          27.115,          27.116,          27.116,          27.115,          27.115,          27.115
  1429365773.000,          27.115,          27.116,          27.116,          27.115,          27.115,          27.115
  1429365774.000,          27.115,          27.116,          27.116,          27.115,          27.115,          27.115
  1429365775.000,          27.115,          27.116,          27.116,          27.115,          27.115,          27.115
  1429365776.000,          27.115,          27.116,          27.116,          27.115,          27.115,          27.115
  1429365777.000,          27.115,          27.116,          27.116,          27.115,          27.115,          27.115
  1429365778.000,          27.115,          27.116,          27.116,          27.115,          27.115,          27.115
  1429365779.000,          27.115,          27.116,          27.116,          27.115,          27.115,          27.115
  1429365780.000,          27.115,          27.116,          27.116,          27.115,          27.115,          27.115
  1429365781.000,          27.115,          27.116,          27.116,          27.115,          27.115,          27.115
  1429365782.000,          27.115,          27.116,          27.116,          27.115,          27.115,          27.115
  1429365783.000,          27.115,          27.116,          27.116,          27.115,          27.115,          27.115
  1429365784.000,          27.115,          27.116,          27.116,          27.115,          27.115,          27.115
  1429365785.000,          27.115,          27.116,          27.116,          27.115,          27.115,          27.115
  1429365786.000,          27.115,          27.116,          27.116,          27.115,          27.115,          27.115
  1429365787.000,          27.115,          27.116,          27.116,          27.115,          27.115,          27.115
  1429365788.000,          27.115,          27.116,          27.116,          27.115,          27.115,          27.115
  1429365789.000,          27.115,          27.116,          27.116,          27.115,          27.115,          27.115
  1429365790.000,          27.115,          27.116,          27.116,          27.115,          27.115,          27.115
  1429365791.000,          27.115,          27.116,          27.116,          27.115,          27.115,          27.115
  1429365792.000,          27.115,          27.116,          27.116,          27.115,          27.115,          27.115
  1429365793.000,          27.115,          27.116,          27.116,          27.115,          27.115,          27.115
  1429365794.000,          27.115,          27.116,          27.116,          27.115,          27.115,          27.115
  1429365795.000,          27.115,          27.116,          27.116,          27.115,          27.115,          27.115
  1429365796.000,          27.115,          27.116,          27.116,          27.115,          27.115,          27.115
  1429365797.000,          27.115,          27.116,          27.116,          27.115,          27.115,          27.115
  1429365798.000,          27.115,          27.116,          27.116,          27.115,          27.115,          27.115
  1429365799.000,          27.115,          27.116,          27.116,          27.115,          27.115,          27.115
  1429365800.000,          27.115,          27.116,          27.116,          27.115,          27.115,          27.115
  1429365801.000,          27.115,          27.116,          27.116,          27.115,          27.115,          27.115
  1429365802.000,          27.115,          27.116,          27.116,          27.115,          27.115,          27.115
  1429365803.000,          27.115,          27.116,          27.116,          27.115,          27.115,          27.115
  1429365804.000,          27.115,          27.116,          27.116,          27.115,          27.115,          27.115
  1429365805.000,          27.115,          27.116,          27.116,          27.115,          27.115,          27.115
  1429365806.000,          27.115,          27.116,          27.116,          27.115,          27.115,          27.115
  1429365807.000,          27.115,          27.116,          27.116,          27.115,          27.115,          27.115
  1429365808.000,          27.115,          27.116,          27.116,          27.115,          27.115,          27.115
  1429365809.000,          27.115,          27.116,          27.116,          27.115,          27.115,          27.115
  1429365810.000,          27.115,          27.116,          27.116,          27.115,          27.115,          27.115
  1429365811.000,          27.115,          27.116,          27.116,          27.115,          27.115,          27.115
  1429365812.000,          27.115,          27.116,          27.116,          27.115,          27.115,          27.115
  1429365813.000,          27.115,          27.116,          27.116,          27.115,          27.115,          27.115
  1429365814.000,          27.115,          27.116,          27.116,          27.115,          27.115,          27.115
  1429365815.000,          27.115,          27.116,          27.116,          27.115,          27.115,          27.115
  1429365816.000,          27.115,          27.116,          27.116,          27.115,          27.115,          27.115
  1429365817.000,          27.115,          27.116,          27.116,          27.115,          27.115,          27.115
  1429365818.000,          27.115,          27.116,          27.116,          27.115,          27.115,          27.115
  1429365819.000,          27.115,          27.116,          27.116,          27.115,          27.115,          27.115
  1429365820.000,          27.115,          27.116,          27.116,          27.115,          27.115,          27.115
  1429365821.000,          27.115,          27.116,          27.116,          27.115,          27.115,          27.115
  1429365822.000,          27.115,          27.116,          27.116,          27.115,          27.115,          27.115
  1429365823.000,          27.115,          27.116,          27.116,          27.115,          27.115,          27.115
  1429365824.000,          27.115,          27.116,          27.116,          27.115,          27.115,          27.115
  1429365825.000,          27.115,          27.116,          27.116,          27.115,          27.115,          27.115
  1429365826.000,          27.115,          27.116,          27.116,          27.115,          27.115,          27.115
  1429365827.000,          27.115,          27.116,          27.116,          27.115,          27.115,          27.115
  1429365828.000,          27.115,          27.116,          27.116,          27.115,          27.115,          27.115
  1429365829.000,          27.115,          27.116,          27.116,          27.115,          27.115,          27.115
  1429365830.000,          27.115,          27.116,          27.116,          27.115,          27.115,          27.115
  1429365831.000,          27.115,          27.116,          27.116,          27.115,          27.115,          27.115
  1429365832.000,          27.115,          27.116,          27.116,          27.115,          27.115,          27.115
  1429365833.000,          27.115,          27.116,          27.116,          27.115,          27.115,          27.115
  1429365834.000,          27.115,          27.116,          27.116,          27.115,          27.115,          27.115
  1429365835.000,          27.115,          27.116,          27.116,          27.115,          27.115,          27.115
  1429365836.000,          27.115,          27.116,          27.116,          27.115,          27.115,          27.115
  1429365837.000,          27.115,          27.116,          27.116,          27.115,          27.115,          27.115
  1429365838.000,          27.115,          27.116,          27.116,          27.115,          27.115,          27.115
  1429365839.000,          27.115,          27.116,          27.116,          27.115,          27.115,          27.115
  1429365840.000,          27.115,          27.116,          27.116,          27.115,          27.115,          27.115
  1429365841.000,          27.115,          27.116,          27.116,          27.115,          27.115,          27.115
  1429365842.000,          27.115,          27.116,          27.116,          27.115,          27.115,          27.115
  1429365843.000,          27.115,          27.116,          27.116,          27.115,          27.115,          27.115
  1429365844.000,          27.115,          27.116,          27.116,          27.115,          27.115,          27.115
  1429365845.000,          27.115,          27.116,          27.116,          27.115,          27.115,          27.115
  1429365846.000,          27.115,          27.116,          27.116,          27.115,          27.115,          27.115
  1429365847.000,          27.115,          27.116,          27.116,          27.115,          27.115,          27.115
  1429365848.000,          27.115,          27.116,          27.116,          27.115,          27.115,          27.115
  1429365849.000,          27.115,          27.116,          27.116,          27.115,          27.115,          27.115
  1429365850.000,          27.115,          27.116,          27.116,          27.115,          27.115,          27.115
  1429365851.000,          27.115,          27.116,          27.116,          27.115,          27.115,          27.115
  1429365852.000,          27.115,          27.116,          27.116,          27.115,          27.115,          27.115
  1429365853.000,          27.115,          27.116,          27.116,          27.115,          27.115,          27.115
  1429365854.000,          27.115,          27.116,          27.116,          27.115,          27.115,          27.115
  1429365855.000,          27.115,          27.116,          27.116,          27.115,          27.115,          27.115
  1429365856.000,          27.115,          27.116,          27.116,          27.115,          27.115,          27.115
  1429365857.000,          27.115,          27.116,          27.116,          27.115,          27.115,          27.115
  1429365858.000,          27.115,          27.116,          27.116,          27.115,          27.115,          27.115
  1429365859.000,          27.115,          27.116,          27.116,          27.115,          27.115,          27.115
  1429365860.000,          27.115,          27.116,          27.116,          27.115,          27.115,          27.115
  1429365861.000,          27.115,          27.116,          27.116,          27.115,          27.115,          27.115
  1429365862.000,          27.115,          27.116,          27.116,          27.115,          27.115,          27.115
  1429365863.000,          27.115,          27.116,          27.116,          27.115,          27.115,          27.115
  1429365864.000,          27.115,          27.116,          27.116,          27.115,          27.115,          27.115
  1429365865.000,          27.115,          27.116,          27.116,          27.115,          27.115,          27.115
  1429365866.000,          27.115,          27.116,          27.116,          27.115,          27.115,          27.115
  1429365867.000,          27.115,          27.116,          27.116,          27.115,          27.115,          27.115
  1429365868.000,          27.115,          27.116,          27.116,          27.115,          27.115,          27.115
  1429365869.000,          27.115,          27.116,          27.116,          27.115,          27.115,          27.115
  1429365870.000,          27.115,          27.116,          27.116,          27.115,          27.115,          27.115
  1429365871.000,          27.115,          27.116,          27.116,          27.115,          27.115,          27.115
  1429365872.000,          27.115,          27.116,          27.116,          27.115,          27.115,          27.115
  1429365873.000,          27.115,          27.116,          27.116,          27.115,          27.115,          27.115
  1429365874.000,          27.115,          27.116,          27.116,          27.115,          27.115,          27.115
  1429365875.000,          27.115,          27.116,          27.116,          27.115,          27.115,          27.115
  1429365876.000,          27.115,          27.116,          27.116,          27.115,          27.115,          27.115
  1429365877.000,          27.115,          27.116,          27.116,          27.115,          27.115,          27.115
  1429365878.000,          27.115,          27.116,          27.116,          27.115,          27.115,          27.115
  1429365879.000,          27.115,          27.116,          27.116,          27.115,          27.115,          27.115
  1429365880.000,          27.115,          27.116,          27.116,          27.115,          27.115,          27.115
  1429365881.000,          27.115,          27.116,          27.116,          27.115,          27.115,          27.115
  1429365882.000,          27.115,          27.116,          27.116,          27.115,          27.115,          27.115
  1429365883.000,          27.115,          27.116,          27.116,          27.115,          27.115,          27.115
  1429365884.000,          27.115,          27.116,          27.116,          27.115,          27.115,          27.115
  1429365885.000,          27.115,          27.116,          27.116,          27.115,          27.115,          27.115
  1429365886.000,          27.115,          27.116,          27.116,          27.115,          27.115,          27.115
  1429365887.000,          27.115,          27.116,          27.116,          27.115,          27.115,          27.115
  1429365888.000,          27.115,          27.116,          27.116,          27.115,          27.115,          27.115
  1429365889.000,          27.115,          27.116,          27.116,          27.115,          27.115,          27.115
  1429365890.000,          27.115,          27.116,          27.116,          27.115,          27.115,          27.115
  1429365891.000,          27.115,          27.116,          27.116,          27.115,          27.115,          27.115
  1429365892.000,          27.115,          27.116,          27.116,          27.115,          27.115,          27.115
  1429365893.000,          27.115,          27.116,          27.116,          27.115,          27.115,          27.115
  1429365894.000,          27.115,          27.116,          27.116,          27.115,          27.115,          27.115
  1429365895.000,          27.115,          27.116,          27.116,          27.115,          27.115,          27.115
  1429365896.000,          27.115,          27.116,          27.116,          27.115,          27.115,          27.115
  1429365897.000,          27.115,          27.116,          27.116,          27.115,          27.115,          27.115
  1429365898.000,          27.115,          27.116,          27.116,          27.115,          27.115,          27.115
  1429365899.000,          27.115,          27.116,          27.116,          27.115,          27.115,          27.115
  1429365900.000,          27.115,          27.116,          27.116,          27.115,          27.115,          27.115
  1429365901.000,          27.115,          27.116,          27.116,          27.115,          27.115,          27.115
  1429365902.000,          27.115,          27.116,          27.116,          27.115,          27.115,          27.115
  1429365903.000,          27.115,          27.116,          27.116,          27.115,          27.115,          27.115
  1429365904.000,          27.115,          27.116,          27.116,          27.115,          27.115,          27.115
  1429365905.000,          27.115,          27.116,          27.116,          27.115,          27.115,          27.115
  1429365906.000,          27.115,          27.116,          27.116,          27.115,          27.115,          27.115
  1429365907.000,          27.115,          27.116,          27.116,          27.115,          27.115,          27.115
  1429365908.000,          27.115,          27.116,          27.116,          27.115,          27.115,          27.115
  1429365909.000,          27.115,          27.116,          27.116,          27.115,          27.115,          27.115
  1429365910.000,          27.115,          27.116,          27.116,          27.115,          27.115,          27.115
  1429365911.000,          27.115,          27.116,          27.116,          27.115,          27.115,          27.115
  1429365912.000,          27.115,          27.116,          27.116,          27.115,          27.115,          27.115
  1429365913.000,          27.115,          27.116,          27.116,          27.115,          27.115,          27.115
  1429365914.000,          27.115,          27.116,          27.116,          27.115,          27.115,          27.115
  1429365915.000,          27.115,          27.116,          27.116,          27.115,          27.115,          27.115
  1429365916.000,          27.115,          27.116,          27.116,          27.115,          27.115,          27.115
  1429365917.000,          27.115,          27.116,          27.116,          27.115,          27.115,          27.115
  1429365918.000,          27.115,          27.116,          27.116,          27.115,          27.115,          27.115
  1429365919.000,          27.115,          27.116,          27.116,          27.115,          27.115,          27.115
  1429365920.000,          27.115,          27.116,          27.116,          27.115,          27.115,          27.115
  1429365921.000,          27.115,          27.116,          27.116,          27.115,          27.115,          27.115
  1429365922.000,          27.115,          27.116,          27.116,          27.115,          27.115,          27.115
  1429365923.000,          27.115,          27.116,          27.116,          27.115,          27.115,          27.115
  1429365924.000,          27.115,          27.116,          27.116,          27.115,          27.115,          27.115
  1429365925.000,          27.115,          27.116,          27.116,          27.115,          27.115,          27.115
  1429365926.000,          27.115,          27.116,          27.116,          27.115,          27.115,          27.115
  1429365927.000,          27.115,          27.116,          27.116,          27.115,          27.115,          27.115
  1429365928.000,          27.115,          27.116,          27.116,          27.115,          27.115,          27.115
  1429365929.000,          27.115,          27.116,          27.116,          27.115,          27.115,          27.115
  1429365930.000,          27.115,          27.116,          27.116,          27.115,          27.115,          27.115
  1429365931.000,          27.115,          27.116,          27.116,          27.115,          27.115,          27.115
  1429365932.000,          27.115,          27.116,          27.116,          27.115,          27.115,          27.115
  1429365933.000,          27.115,          27.116,          27.116,          27.115,          27.115,          27.115
  1429365934.000,          27.115,          27.116,          27.116,          27.115,          27.115,          27.115
  1429365935.000,          27.115,          27.116,          27.116,          27.115,          27.115,          27.115
  1429365936.000,          27.115,          27.116,          27.116,          27.115,          27.115,          27.115
  1429365937.000,          27.115,          27.116,          27.116,          27.115,          27.115,          27.115
  1429365938.000,          27.115,          27.116,          27.116,          27.115,          27.115,          27.115
  1429365939.000,          27.115,          27.116,          27.116,          27.115,          27.115,          27.115
  1429365940.000,          27.115,          27.116,          27.116,          27.115,          27.115,          27.115
  1429365941.000,          27.115,          27.116,          27.116,          27.115,          27.115,          27.115
  1429365942.000,          27.115,          27.116,          27.116,          27.115,          27.115,          27.115
  1429365943.000,          27.115,          27.116,          27.116,          27.115,          27.115,          27.115
  1429365944.000,          27.115,          27.116,          27.116,          27.115,          27.115,          27.115
  1429365945.000,          27.115,          27.116,          27.116,          27.115,          27.115,          27.115
  1429365946.000,          27.115,          27.116,          27.116,          27.115,          27.115,          27.115
  1429365947.000,          27.115,          27.116,          27.116,          27.115,          27.115,          27.115
  1429365948.000,          27.115,          27.116,          27.116,          27.115,          27.115,          27.115
  1429365949.000,          27.115,          27.116,          27.116,          27.115,          27.115,          27.115
  1429365950.000,          27.115,          27.116,          27.116,          27.115,          27.115,          27.115
  1429365951.000,          27.115,          27.116,          27.116,          27.115,          27.115,          27.115
  1429365952.000,          27.115,          27.116,          27.116,          27.115,          27.115,          27.115
  1429365953.000,          27.115,          27.116,          27.116,          27.115,          27.115,          27.115
  1429365954.000,          27.115,          27.116,          27.116,          27.115,          27.115,          27.115
  1429365955.000,          27.115,          27.116,          27.116,          27.115,          27.115,          27.115
  1429365956.000,          27.115,          27.116,          27.116,          27.115,          27.115,          27.115
  1429365957.000,          27.115,          27.116,          27.116,          27.115,          27.115,          27.115
  1429365958.000,          27.115,          27.116,          27.116,          27.115,          27.115,          27.115
  1429365959.000,          27.115,          27.116,          27.116,          27.115,          27.115,          27.115
  1429365960.000,          27.115,          27.116,          27.116,          27.115,          27.115,          27.115
  1429365961.000,          27.115,          27.116,          27.116,          27.115,          27.115,          27.115
  1429365962.000,          27.115,          27.116,          27.116,          27.115,          27.115,          27.115
  1429365963.000,          27.115,          27.116,          27.116,          27.115,          27.115,          27.115
  1429365964.000,          27.115,          27.116,          27.116,          27.115,          27.115,          27.115
  1429365965.000,          27.115,          27.116,          27.116,          27.115,          27.115,          27.115
  1429365966.000,          27.115,          27.116,          27.116,          27.115,          27.115,          27.115
  1429365967.000,          27.115,          27.116,          27.116,          27.115,          27.115,          27.115
  1429365968.000,          27.115,          27.116,          27.116,          27.115,          27.115,          27.115
  1429365969.000,          27.115,          27.116,          27.116,          27.115,          27.115,          27.115
  1429365970.000,          27.115,          27.116,          27.116,          27.115,          27.115,          27.115
  1429365971.000,          27.115,          27.116,          27.116,          27.115,          27.115,          27.115
  1429365972.000,          27.115,          27.116,          27.116,          27.115,          27.115,          27.115
  1429365973.000,          27.115,          27.116,          27.116,          27.115,          27.115,          27.115
  1429365974.000,          27.115,          27.116,          27.116,          27.115,          27.115,          27.115
  1429365975.000,          27.115,          27.116,          27.116,          27.115,          27.115,          27.115
  1429365976.000,          27.115,          27.116,          27.116,          27.115,          27.115,          27.115
  1429365977.000,          27.115,          27.116,          27.116,          27.115,          27.115,          27.115
  1429365978.000,          27.115,          27.116,          27.116,          27.115,          27.115,          27.115
  1429365979.000,          27.115,          27.116,          27.116,          27.115,          27.115,          27.115
  1429365980.000,          27.115,          27.116,          27.116,          27.115,          27.115,          27.115
  1429365981.000,          27.115,          27.116,          27.116,          27.115,          27.115,          27.115
  1429365982.000,          27.115,          27.116,          27.116,          27.115,          27.115,          27.115
  1429365983.000,          27.115,          27.116,          27.116,          27.115,          27.115,          27.115
  1429365984.000,          27.115,          27.116,          27.116,          27.115,          27.115,          27.115
  1429365985.000,          27.115,          27.116,          27.116,          27.115,          27.115,          27.115
  1429365986.000,          27.115,          27.116,          27.116,          27.115,          27.115,          27.115
  1429365987.000,          27.115,          27.116,          27.116,          27.115,          27.115,          27.115
  1429365988.000,          27.115,          27.116,          27.116,          27.115,          27.115,          27.115
  1429365989.000,          27.115,          27.116,          27.116,          27.115,          27.115,          27.115
  1429365990.000,          27.115,          27.116,          27.116,          27.115,          27.115,          27.115
  1429365991.000,          27.115,          27.116,          27.116,          27.115,          27.115,          27.115
  1429365992.000,          27.115,          27.116,          27.116,          27.115,          27.115,          27.115
  1429365993.000,          27.115,          27.116,          27.116,          27.115,          27.115,          27.115
  1429365994.000,          27.115,          27.116,          27.116,          27.115,          27.115,          27.115
  1429365995.000,          27.115,          27.116,          27.116,          27.115,          27.115,          27.115
  1429365996.000,          27.115,          27.116,          27.116,          27.115,          27.115,          27.115
  1429365997.000,          27.115,          27.116,          27.116,          27.115,          27.115,          27.115
  1429365998.000,          27.115,          27.116,          27.116,          27.115,          27.115,          27.115
  1429365999.000,          27.115,          27.116,          27.116,          27.115,          27.115,          27.115
  1429366000.000,          27.115,          27.116,          27.116,          27.115,          27.115,          27.115
  1429366001.000,          27.115,          27.116,          27.116,          27.115,          27.115,          27.115
  1429366002.000,          27.115,          27.116,          27.116,          27.115,          27.115,          27.115
  1429366003.000,          27.115,          27.116,          27.116,          27.115,          27.115,          27.115
  1429366004.000,          27.115,          27.116,          27.116,          27.115,          27.115,          27.115
  1429366005.000,          27.115,          27.116,          27.116,          27.115,          27.115,          27.115
  1429366006.000,          27.115,          27.116,          27.116,          27.115,          27.115,          27.115
  1429366007.000,          27.115,          27.116,          27.116,          27.115,          27.115,          27.115
  1429366008.000,          27.115,          27.116,          27.116,          27.115,          27.115,          27.115
  1429366009.000,          27.115,          27.116,          27.116,          27.115,          27.115,          27.115
  1429366010.000,          27.115,          27.116,          27.116,          27.115,          27.115,          27.115
  1429366011.000,          27.115,          27.116,          27.116,          27.115,          27.115,          27.115
  1429366012.000,          27.115,          27.116,          27.116,          27.115,          27.115,          27.115
  1429366013.000,          27.115,          27.116,          27.116,          27.115,          27.115,          27.115
  1429366014.000,          27.115,          27.116,          27.116,          27.115,          27.115,          27.115
  1429366015.000,          27.115,          27.116,          27.116,          27.115,          27.115,          27.115
  1429366016.000,          27.115,          27.116,          27.116,          27.115,          27.115,          27.115
  1429366017.000,          27.115,          27.116,          27.116,          27.115,          27.115,          27.115
  1429366018.000,          27.115,          27.116,          27.116,          27.115,          27.115,          27.115
  1429366019.000,          27.115,          27.116,          27.116,          27.115,          27.115,          27.115
  1429366020.000,          27.115,          27.116,          27.116,          27.115,          27.115,          27.115
  1429366021.000,          27.115,          27.116,          27.116,          27.115,          27.115,          27.115
  1429366022.000,          27.115,          27.116,          27.116,          27.115,          27.115,          27.115
  1429366023.000,          27.115,          27.116,          27.116,          27.115,          27.115,          27.115
  1429366024.000,          27.115,          27.116,          27.116,          27.115,          27.115,          27.115
  1429366025.000,          27.115,          27.116,          27.116,          27.115,          27.115,          27.115
  1429366026.000,          27.115,          27.116,          27.116,          27.115,          27.115,          27.115
  1429366027.000,          27.115,          27.116,          27.116,          27.115,          27.115,          27.115
  1429366028.000,          27.115,          27.116,          27.116,          27.115,          27.115,          27.115
  1429366029.000,          27.115,          27.116,          27.116,          27.115,          27.115,          27.115
  1429366030.000,          27.115,          27.116,          27.116,          27.115,          27.115,          27.115
  1429366031.000,          27.115,          27.116,          27.116,          27.115,          27.115,          27.115
  1429366032.000,          27.115,          27.116,          27.116,          27.115,          27.115,          27.115
  1429366033.000,          27.115,          27.116,          27.116,          27.115,          27.115,          27.115
  1429366034.000,          27.115,          27.116,          27.116,          27.115,          27.115,          27.115
  1429366035.000,          27.115,          27.116,          27.116,          27.115,          27.115,          27.115
  1429366036.000,          27.115,          27.116,          27.116,          27.115,          27.115,          27.115
  1429366037.000,          27.115,          27.116,          27.116,          27.115,          27.115,          27.115
  1429366038.000,          27.115,          27.116,          27.116,          27.115,          27.115,          27.115
  1429366039.000,          27.115,          27.116,          27.116,          27.115,          27.115,          27.115
  1429366040.000,          27.115,          27.116,          27.116,          27.115,          27.115,          27.115
  1429366041.000,          27.115,          27.116,          27.116,          27.115,          27.115,          27.115
  1429366042.000,          27.115,          27.116,          27.116,          27.115,          27.115,          27.115
  1429366043.000,          27.115,          27.116,          27.116,          27.115,          27.115,          27.115
  1429366044.000,          27.115,          27.116,          27.116,          27.115,          27.115,          27.115
  1429366045.000,          27.115,          27.116,          27.116,          27.115,          27.115,          27.115
  1429366046.000,          27.115,          27.116,          27.116,          27.115,          27.115,          27.115
  1429366047.000,          27.115,          27.116,          27.116,          27.115,          27.115,          27.115
  1429366048.000,          27.115,          27.116,          27.116,          27.115,          27.115,          27.115
  1429366049.000,          27.115,          27.116,          27.116,          27.115,          27.115,          27.115
  1429366050.000,          27.115,          27.116,          27.116,          27.115,          27.115,          27.115
  1429366051.000,          27.115,          27.116,          27.116,          27.115,          27.115,          27.115
  1429366052.000,          27.115,          27.116,          27.116,          27.115,          27.115,          27.115
  1429366053.000,          27.115,          27.116,          27.116,          27.115,          27.115,          27.115
  1429366054.000,          27.115,          27.116,          27.116,          27.115,          27.115,          27.115
  1429366055.000,          27.115,          27.116,          27.116,          27.115,          27.115,          27.115
  1429366056.000,          27.115,          27.116,          27.116,          27.115,          27.115,          27.115
  1429366057.000,          27.115,          27.116,          27.116,          27.115,          27.115,          27.115
  1429366058.000,          27.115,          27.116,          27.116,          27.115,          27.115,          27.115
  1429366059.000,          27.115,          27.116,          27.116,          27.115,          27.115,          27.115
  1429366060.000,          27.115,          27.116,          27.116,          27.115,          27.115,          27.115
  1429366061.000,          27.115,          27.116,          27.116,          27.115,          27.115,          27.115
  1429366062.000,          27.115,          27.116,          27.116,          27.115,          27.115,          27.115
  1429366063.000,          27.115,          27.116,          27.116,          27.115,          27.115,          27.115
  1429366064.000,          27.115,          27.116,          27.116,          27.115,          27.115,          27.115
  1429366065.000,          27.115,          27.116,          27.116,          27.115,          27.115,          27.115
  1429366066.000,          27.115,          27.116,          27.116,          27.115,          27.115,          27.115
  1429366067.000,          27.115,          27.116,          27.116,          27.115,          27.115,          27.115
  1429366068.000,          27.115,          27.116,          27.116,          27.115,          27.115,          27.115
  1429366069.000,          27.115,          27.116,          27.116,          27.115,          27.115,          27.115
  1429366070.000,          27.115,          27.116,          27.116,          27.115,          27.115,          27.115
  1429366071.000,          27.115,          27.116,          27.116,          27.115,          27.115,          27.115
  1429366072.000,          27.115,          27.116,          27.116,          27.115,          27.115,          27.115
  1429366073.000,          27.115,          27.116,          27.116,          27.115,          27.115,          27.115
  1429366074.000,          27.115,          27.116,          27.116,          27.115,          27.115,          27.115
  1429366075.000,          27.115,          27.116,          27.116,          27.115,          27.115,          27.115
  1429366076.000,          27.115,          27.116,          27.116,          27.115,          27.115,          27.115
  1429366077.000,          27.115,          27.116,          27.116,          27.115,          27.115,          27.115
  1429366078.000,          27.115,          27.116,          27.116,          27.115,          27.115,          27.115
  1429366079.000,          27.115,          27.116,          27.116,          27.115,          27.115,          27.115
  1429366080.000,          27.115,          27.116,          27.116,          27.115,          27.115,          27.115
  1429366081.000,          27.115,          27.116,          27.116,          27.115,          27.115,          27.115
  1429366082.000,          27.115,          27.116,          27.116,          27.115,          27.115,          27.115
  1429366083.000,          27.115,          27.116,          27.116,          27.115,          27.115,          27.115
  1429366084.000,          27.115,          27.116,          27.116,          27.115,          27.115,          27.115
  1429366085.000,          27.115,          27.116,          27.116,          27.115,          27.115,          27.115
  1429366086.000,          27.115,          27.116,          27.116,          27.115,          27.115,          27.115
  1429366087.000,          27.115,          27.116,          27.116,          27.115,          27.115,          27.115
  1429366088.000,          27.115,          27.116,          27.116,          27.115,          27.115,          27.115
  1429366089.000,          27.115,          27.116,          27.116,          27.115,          27.115,          27.115
  1429366090.000,          27.115,          27.116,          27.116,          27.115,          27.115,          27.115
  1429366091.000,          27.115,          27.116,          27.116,          27.115,          27.115,          27.115
  1429366092.000,          27.115,          27.116,          27.116,          27.115,          27.115,          27.115
  1429366093.000,          27.115,          27.116,          27.116,          27.115,          27.115,          27.115
  1429366094.000,          27.115,          27.116,          27.116,          27.115,          27.115,          27.115
  1429366095.000,          27.115,          27.116,          27.116,          27.115,          27.115,          27.115
  1429366096.000,          27.115,          27.116,          27.116,          27.115,          27.115,          27.115
  1429366097.000,          27.115,          27.116,          27.116,          27.115,          27.115,          27.115
  1429366098.000,          27.115,          27.116,          27.116,          27.115,          27.115,          27.115
  1429366099.000,          27.115,          27.116,          27.116,          27.115,          27.115,          27.115
  1429366100.000,          27.115,          27.116,          27.116,          27.115,          27.115,          27.115
  1429366101.000,          27.115,          27.116,          27.116,          27.115,          27.115,          27.115
  1429366102.000,          27.115,          27.116,          27.116,          27.115,          27.115,          27.115
  1429366103.000,          27.115,          27.116,          27.116,          27.115,          27.115,          27.115
  1429366104.000,          27.115,          27.116,          27.116,          27.115,          27.115,          27.115
  1429366105.000,          27.115,          27.116,          27.116,          27.115,          27.115,          27.115
  1429366106.000,          27.115,          27.116,          27.116,          27.115,          27.115,          27.115
  1429366107.000,          27.115,          27.116,          27.116,          27.115,          27.115,          27.115
  1429366108.000,          27.115,          27.116,          27.116,          27.115,          27.115,          27.115
  1429366109.000,          27.115,          27.116,          27.116,          27.115,          27.115,          27.115
  1429366110.000,          27.115,          27.116,          27.116,          27.115,          27.115,          27.115
  1429366111.000,          27.115,          27.116,          27.116,          27.115,          27.115,          27.115
  1429366112.000,          27.115,          27.116,          27.116,          27.115,          27.115,          27.115
  1429366113.000,          27.115,          27.116,          27.116,          27.115,          27.115,          27.115
  1429366114.000,          27.115,          27.116,          27.116,          27.115,          27.115,          27.115
  1429366115.000,          27.115,          27.116,          27.116,          27.115,          27.115,          27.115
  1429366116.000,          27.115,          27.116,          27.116,          27.115,          27.115,          27.115
  1429366117.000,          27.115,          27.116,          27.116,          27.115,          27.115,          27.115
  1429366118.000,          27.115,          27.116,          27.116,          27.115,          27.115,          27.115
  1429366119.000,          27.115,          27.116,          27.116,          27.115,          27.115,          27.115
  1429366120.000,          27.115,          27.116,          27.116,          27.115,          27.115,          27.115
  1429366121.000,          27.115,          27.116,          27.116,          27.115,          27.115,          27.115
  1429366122.000,          27.115,          27.116,          27.116,          27.115,          27.115,          27.115
  1429366123.000,          27.115,          27.116,          27.116,          27.115,          27.115,          27.115
  1429366124.000,          27.115,          27.116,          27.116,          27.115,          27.115,          27.115
  1429366125.000,          27.115,          27.116,          27.116,          27.115,          27.115,          27.115
  1429366126.000,          27.115,          27.116,          27.116,          27.115,          27.115,          27.115
  1429366127.000,          27.115,          27.116,          27.116,          27.115,          27.115,          27.115
  1429366128.000,          27.115,          27.116,          27.116,          27.115,          27.115,          27.115
  1429366129.000,          27.115,          27.116,          27.116,          27.115,          27.115,          27.115
  1429366130.000,          27.115,          27.116,          27.116,          27.115,          27.115,          27.115
  1429366131.000,          27.115,          27.116,          27.116,          27.115,          27.115,          27.115
  1429366132.000,          27.115,          27.116,          27.116,          27.115,          27.115,          27.115
  1429366133.000,          27.115,          27.116,          27.116,          27.115,          27.115,          27.115
  1429366134.000,          27.115,          27.116,          27.116,          27.115,          27.115,          27.115
  1429366135.000,          27.115,          27.116,          27.116,          27.115,          27.115,          27.115
  1429366136.000,          27.115,          27.116,          27.116,          27.115,          27.115,          27.115
  1429366137.000,          27.115,          27.116,          27.116,          27.115,          27.115,          27.115
  1429366138.000,          27.115,          27.116,          27.116,          27.115,          27.115,          27.115
  1429366139.000,          27.115,          27.116,          27.116,          27.115,          27.115,          27.115
  1429366140.000,          27.115,          27.116,          27.116,          27.115,          27.115,          27.115
  1429366141.000,          27.115,          27.116,          27.116,          27.115,          27.115,          27.115
  1429366142.000,          27.115,          27.116,          27.116,          27.115,          27.115,          27.115
  1429366143.000,          27.115,          27.116,          27.116,          27.115,          27.115,          27.115
  1429366144.000,          27.115,          27.116,          27.116,          27.115,          27.115,          27.115
  1429366145.000,          27.115,          27.116,          27.116,          27.115,          27.115,          27.115
  1429366146.000,          27.115,          27.116,          27.116,          27.115,          27.115,          27.115
  1429366147.000,          27.115,          27.116,          27.116,          27.115,          27.115,          27.115
  1429366148.000,          27.115,          27.116,          27.116,          27.115,          27.115,          27.115
  1429366149.000,          27.115,          27.116,          27.116,          27.115,          27.115,          27.115
  1429366150.000,          27.115,          27.116,          27.116,          27.115,          27.115,          27.115
  1429366151.000,          27.115,          27.116,          27.116,          27.115,          27.115,          27.115
  1429366152.000,          27.115,          27.116,          27.116,          27.115,          27.115,          27.115
  1429366153.000,          27.115,          27.116,          27.116,          27.115,          27.115,          27.115
  1429366154.000,          27.115,          27.116,          27.116,          27.115,          27.115,          27.115
  1429366155.000,          27.115,          27.116,          27.116,          27.115,          27.115,          27.115
  1429366156.000,          27.115,          27.116,          27.116,          27.115,          27.115,          27.115
  1429366157.000,          27.115,          27.116,          27.116,          27.115,          27.115,          27.115
  1429366158.000,          27.115,          27.116,          27.116,          27.115,          27.115,          27.115
  1429366159.000,          27.115,          27.116,          27.116,          27.115,          27.115,          27.115
  1429366160.000,          27.115,          27.116,          27.116,          27.115,          27.115,          27.115
  1429366161.000,          27.115,          27.116,          27.116,          27.115,          27.115,          27.115
  1429366162.000,          27.115,          27.116,          27.116,          27.115,          27.115,          27.115
  1429366163.000,          27.115,          27.116,          27.116,          27.115,          27.115,          27.115
  1429366164.000,          27.115,          27.116,          27.116,          27.115,          27.115,          27.115
  1429366165.000,          27.115,          27.116,          27.116,          27.115,          27.115,          27.115
  1429366166.000,          27.115,          27.116,          27.116,          27.115,          27.115,          27.115
  1429366167.000,          27.115,          27.116,          27.116,          27.115,          27.115,          27.115
  1429366168.000,          27.115,          27.116,          27.116,          27.115,          27.115,          27.115
  1429366169.000,          27.115,          27.116,          27.116,          27.115,          27.115,          27.115
  1429366170.000,          27.115,          27.116,          27.116,          27.115,          27.115,          27.115
  1429366171.000,          27.115,          27.116,          27.116,          27.115,          27.115,          27.115
  1429366172.000,          27.115,          27.116,          27.116,          27.115,          27.115,          27.115
  1429366173.000,          27.115,          27.116,          27.116,          27.115,          27.115,          27.115
  1429366174.000,          27.115,          27.116,          27.116,          27.115,          27.115,          27.115
  1429366175.000,          27.115,          27.116,          27.116,          27.115,          27.115,          27.115
  1429366176.000,          27.115,          27.116,          27.116,          27.115,          27.115,          27.115
  1429366177.000,          27.115,          27.116,          27.116,          27.115,          27.115,          27.115
  1429366178.000,          27.115,          27.116,          27.116,          27.115,          27.115,          27.115
  1429366179.000,          27.115,          27.116,          27.116,          27.115,          27.115,          27.115
  1429366180.000,          27.115,          27.116,          27.116,          27.115,          27.115,          27.115
  1429366181.000,          27.115,          27.116,          27.116,          27.115,          27.115,          27.115
  1429366182.000,          27.115,          27.116,          27.116,          27.115,          27.115,          27.115
  1429366183.000,          27.115,          27.116,          27.116,          27.115,          27.115,          27.115
  1429366184.000,          27.115,          27.116,          27.116,          27.115,          27.115,          27.115
  1429366185.000,          27.115,          27.116,          27.116,          27.115,          27.115,          27.115
  1429366186.000,          27.115,          27.116,          27.116,          27.115,          27.115,          27.115
  1429366187.000,          27.115,          27.116,          27.116,          27.115,          27.115,          27.115
  1429366188.000,          27.115,          27.116,          27.116,          27.115,          27.115,          27.115
  1429366189.000,          27.115,          27.116,          27.116,          27.115,          27.115,          27.115
  1429366190.000,          27.115,          27.116,          27.116,          27.115,          27.115,          27.115
  1429366191.000,          27.115,          27.116,          27.116,          27.115,          27.115,          27.115
  1429366192.000,          27.115,          27.116,          27.116,          27.115,          27.115,          27.115
  1429366193.000,          27.115,          27.116,          27.116,          27.115,          27.115,          27.115
  1429366194.000,          27.115,          27.116,          27.116,          27.115,          27.115,          27.115
  1429366195.000,          27.115,          27.116,          27.116,          27.115,          27.115,          27.115
  1429366196.000,          27.115,          27.116,          27.116,          27.115,          27.115,          27.115
  1429366197.000,          27.115,          27.116,          27.116,          27.115,          27.115,          27.115
  1429366198.000,          27.115,          27.116,          27.116,          27.115,          27.115,          27.115
  1429366199.000,          27.115,          27.116,          27.116,          27.115,          27.115,          27.115
  1429366200.000,          27.115,          27.116,          27.116,          27.115,          27.115,          27.115
